create table Department (
	deptId  NUMBER(5),
    dname   VARCHAR(25),
	PRIMARY KEY (deptId)
);
insert into Department values (1, 'Artificial Intelligence');
insert into Department values (2, 'Computer Systems');
insert into Department values (3, 'Information Engineering');
insert into Department values (4, 'Software Engineering');

create table StaffMember (
	staffId  NUMBER(6),
	name    VARCHAR(20),
    deptId   NUMBER(5),
	PRIMARY KEY (staffId),
	FOREIGN KEY (deptId) REFERENCES Department(deptId)
);

insert into StaffMember values (811, 'Glen Maxwell', 4);
insert into StaffMember values (831, 'Esme Lettitia', 1);
insert into StaffMember values (851, 'Bertie Wooster', 1);
insert into StaffMember values (891, 'Andrew Turnbull', 2);
insert into StaffMember values (911, 'Mark Hurrell;', 2);
insert into StaffMember values (912, 'Akhtar Ali', 1);
insert into StaffMember values (921, 'Ben Wightman', 2);
insert into StaffMember values (922, 'Tim Rose', 3);
insert into StaffMember values (931, 'Gareth Price', 2);
insert into StaffMember values (932, 'Neil Thompson', 2);
insert into StaffMember values (951, 'Paul Samson', 1);
insert into StaffMember values (961, 'Grant Smith', 4);
insert into StaffMember values (962, 'John Tait', 4);
insert into StaffMember values (971, 'Gareth Phillips', 2);
insert into StaffMember values (989, 'Emma-Jane Phillips', 4);

create table Subject (
	subjectId	CHAR(8),
	sname	VARCHAR(30),
	PRIMARY KEY (subjectId),
	CONSTRAINT ValidClassID CHECK (subjectId LIKE 'COMP%')
);

insert into Subject values ('COMP1001', 'Introduction to Computing');
insert into Subject values ('COMP1011', 'Computing 1A');
insert into Subject values ('COMP1021', 'Computing 1B');
insert into Subject values ('COMP2011', 'Data Organisation');
insert into Subject values ('COMP2021', 'Digital Systems Structures');
insert into Subject values ('COMP2031', 'Concurrent Computing');
insert into Subject values ('COMP3231', 'Operating Systems');
insert into Subject values ('COMP3311', 'Database Systems');
insert into Subject values ('COMP3411', 'Artificial Intelligence');
insert into Subject values ('COMP4249', 'Computing 4');
insert into Subject values ('COMP9311', 'Database Systems');
insert into Subject values ('COMP9315', 'Database System Implementation');
insert into Subject values ('COMP0519', 'Software development');
insert into Subject values ('COMP0423', 'Database system development');
insert into Subject values ('COMP0422', 'Database foundations');
insert into Subject values ('COMP3362', 'Programming 1');
insert into Subject values ('COMP9398', 'programming 2');
insert into Subject values ('COMP8755', 'Network security');
insert into Subject values ('COMP8756', 'Netword secruity advanced');
insert into Subject values ('COMP9322', 'Systems analysis');
insert into Subject values ('COMP0023', 'Business Fundamentals');
insert into Subject values ('COMP0055', 'Business Case Project');


create table Class (
	subjectId CHAR(8),
	day VARCHAR(15),
	classtime varchar2(10) constraint timechk check(classtime in ('9am', '10am', '11am', '12am', '1pm', '2pm', '3pm', '4pm', '5pm', '6pm', '7pm', '8pm')),
	room    VARCHAR(15),
	teacher NUMBER(6),
	PRIMARY KEY (subjectId,day,classtime),
	FOREIGN KEY (teacher) REFERENCES StaffMember(staffId),
	FOREIGN KEY (subjectId) REFERENCES Subject(subjectId)
);

insert into Class values ('COMP0023', 'Monday', '2pm', 'Pandon G1', 989);
insert into Class values ('COMP0055', 'Monday', '9am', 'Pandon S3', 891);
insert into Class values ('COMP1001', 'Tuesday', '2pm', 'Elec Eng LG1', 951);
insert into Class values ('COMP1011', 'Monday', '11am', 'Mathews A', 961);
insert into Class values ('COMP1021', 'Tuesday', '11am', 'Mathews A', 931);
insert into Class values ('COMP2011', 'Monday', '2pm', 'Elec Eng LG1', 962);
insert into Class values ('COMP2021', 'Tuesday', '11am', 'Elec Eng G25', 922);
insert into Class values ('COMP2031', 'Friday', '11am', 'Elec Eng G25', 922);
insert into Class values ('COMP3231', 'Thursday', '11am', 'Elec Eng LG1', 911);
insert into Class values ('COMP3311', 'Tuesday', '2pm', 'Webster B', 932);
insert into Class values ('COMP3411', 'Wednesday', '11am', 'Elec Eng G25', 912);
insert into Class values ('COMP4249', 'Thursday', '4pm', 'Elec Eng 408', 911);
insert into Class values ('COMP9311', 'Tuesday', '6pm', 'Elec Eng LG1', 971);
insert into Class values ('COMP9315', 'Wednesday', '3pm', 'Webster B', 921);
insert into Class values ('COMP2021', 'Friday', '11am', 'Elec Eng G25', 922);
insert into Class values ('COMP3411', 'Tuesday', '11am', 'Elec Eng G25', 922);
insert into Class values ('COMP0519', 'Tuesday', '11am', 'Pandon G5', 989);
insert into Class values ('COMP0423', 'Tuesday', '9am', 'Pandon s2', 989);
insert into Class values ('COMP0422', 'Tuesday', '11am', 'Pandon S4', 951);
insert into Class values ('COMP3362', 'Thursday', '1pm', 'Pandon F1', 962);
insert into Class values ('COMP9398', 'Wednesday', '9am', 'Pandon F2', 989);
insert into Class values ('COMP8755', 'Monday', '11am', 'Pandon F4', 989);
insert into Class values ('COMP8756', 'Monday', '9am', 'Pandon F1', 962);
insert into Class values ('COMP9322', 'Wednesday', '3pm', 'Pandon G4', 962);
insert into Class values ('COMP8756', 'Friday', '9am', 'Pandon S1', 951);
insert into Class values ('COMP0519', 'Friday', '11am', 'Pandon S2', 989);
insert into Class values ('COMP3362', 'friday', '11am', 'Pandon G2', 961);

create table Student (
	studentId NUMBER(7),
	stuName     VARCHAR(20),
   	major    VARCHAR(10) CONSTRAINT ValidCourse
		 CHECK (major IN ('Comp Eng', 'Comp Sci', 'Info Sys', 'MInfSci', 'ITMB', 'Games')),
	stage    NUMBER(5) CONSTRAINT ValidStage
		 CHECK(stage BETWEEN 0 AND 5),
   	age      NUMBER(5) CONSTRAINT ValidAge
		 CHECK(age BETWEEN 15 AND 65),
	PRIMARY KEY (studentId)
);

insert into Student values (2111111, 'John Smith', 'Comp Sci', 3, 21);
insert into Student values (2111222, 'Jack Smith', 'Comp Eng', 3, 21);
insert into Student values (2113567, 'Jim Smith', 'Comp Sci', 3, 20);
insert into Student values (2114213, 'Joe Smith', 'Comp Eng', 3, 21);
insert into Student values (2154321, 'Jill Smith', 'Comp Sci', 3, 21);
insert into Student values (2166612, 'James Smith', 'Comp Eng', 3, 20);
insert into Student values (2171234, 'Jenny Smith', 'Comp Eng', 3, 21);
insert into Student values (2175777, 'John Smith', 'Comp Sci', 3, 21);
insert into Student values (2187654, 'George Smith', 'Comp Eng', 3, 21);
insert into Student values (2191929, 'Greg Smith', 'MInfSci', 2, 33);
insert into Student values (2211111, 'John Smith', 'MInfSci', 2, 21);
insert into Student values (2211222, 'Jack Smith', 'Comp Eng', 2, 21);
insert into Student values (2213567, 'Jim Smith', 'Comp Sci', 2, 20);
insert into Student values (2214213, 'Joe Smith', 'MInfSci', 1, 31);
insert into Student values (2254321, 'Jill Smith', 'Comp Sci', 1, 19);
insert into Student values (2266612, 'James Smith', 'Comp Eng', 1, 19);
insert into Student values (2271234, 'Jenny Smith', 'Comp Sci', 2, 20);
insert into Student values (2275777, 'John Smith', 'Comp Sci', 1, 18);
insert into Student values (2287654, 'George Smith', 'MInfSci', 1, 26);
insert into Student values (2291929, 'Greg Smith', 'MInfSci', 1, 28);
insert into Student values (3292265, 'Tom Jones', 'Games', 1, 19);
insert into Student values (3292145, 'Isacc Thomas', 'Games', 1, 18);
insert into Student values (3295697, 'Glenda Williamson', 'Games', 1, 18);
insert into Student values (4298889, 'John Smith', 'Games', 1, 18);
insert into Student values (4299889, 'Grant Smith', 'Games', 1, 18);
insert into Student values (4295555, 'Charlie Brown', 'Games', 1, 18);
insert into Student values (4292233, 'Carl Smith', 'Games', 1, 19);
insert into Student values (4297777, 'Karl Brown', 'Games', 1, 19);
insert into Student values (4299988, 'David Jones', 'Games', 1, 18);
insert into Student values (4297766, 'Warrick Brown', 'Games', 1, 18);
insert into Student values (4292265, 'Tony Smith', 'Games', 2, 20);
insert into Student values (4292145, 'Nigel Fletcher', 'Games', 2, 20);
insert into Student values (4295697, 'Shane Davies', 'Games',2, 20);
insert into Student values (429988, 'Matthew Clark', 'Games', 2, 19);
insert into Student values (3295555, 'Winter Dale', 'Games',2, 19);
insert into Student values (3292233, 'Willow Jonson', 'Games', 2, 20);
insert into Student values (3297777, 'Walden Smith', 'Games', 2, 29);
insert into Student values (3299988, 'Georgina Lathum', 'Games', 2, 21);
insert into Student values (3297766, 'Joseph Ironson', 'Games', 2, 20);
insert into Student values (3298889, 'Mark Smith', 'Games', 3, 21);
insert into Student values (3299889, 'Marrie Jones', 'Games', 3, 21);
insert into Student values (3992145, 'Thomas Phillips', 'Games', 2, 20);
insert into Student values (3995697, 'Mark Thomas', 'Games',2, 20);
insert into Student values (3998889, 'Eddie Izzard', 'Games', 2, 20);
insert into Student values (3999889, 'Mark Smith', 'Games', 2, 19);
insert into Student values (3995555, 'Peter Smith', 'Games',2, 19);
insert into Student values (3992233, 'Emma Lettitia', 'Games', 2, 20);
insert into Student values (3997777, 'Mary Smith', 'Games', 2, 29);
insert into Student values (3999988, 'Gill Green', 'Games', 2, 21);
insert into Student values (3997766, 'Jay Black', 'Games', 2, 20);
insert into Student values (3992265, 'Matthew Redson', 'Games', 3, 21);
insert into Student values (2292265, 'Fred Roughton', 'ITMB', 1, 19);
insert into Student values (2292145, 'Ella Fletcher', 'ITMB', 1, 18);
insert into Student values (2295697, 'Glenda Smith', 'ITMB', 1, 18);
insert into Student values (2298889, 'Matthew Phillips', 'ITMB', 1, 18);
insert into Student values (2299889, 'Daisy Crimmins', 'ITMB', 1, 18);
insert into Student values (2295555, 'John Donladson', 'ITMB', 1, 18);
insert into Student values (2292233, 'Thomas Anderson', 'ITMB', 1, 19);
insert into Student values (2297777, 'Lesley Johnson', 'ITMB', 1, 19);
insert into Student values (2299988, 'Donald McFee', 'ITMB', 1, 18);
insert into Student values (2297766, 'Gilbert Grissom', 'ITMB', 1, 18);
insert into Student values (8292265, 'Elenor Smith', 'ITMB', 2, 20);
insert into Student values (8292145, 'Eden Fletcher', 'ITMB', 2, 20);
insert into Student values (8295697, 'Rob Davies', 'ITMB',2, 20);
insert into Student values (8298889, 'Charlotte Smith', 'ITMB', 2, 20);
insert into Student values (8299889, 'Emma-Jane Tait', 'ITMB', 2, 19);
insert into Student values (8295555, 'Emma Maxwell', 'ITMB',2, 19);
insert into Student values (8292233, 'Jane Roughton', 'ITMB', 2, 20);
insert into Student values (8297777, 'Anne Close', 'ITMB', 2, 29);
insert into Student values (8299988, 'Kerri Ferris Jones', 'ITMB', 2, 21);
insert into Student values (8297766, 'Sarah Sidle', 'ITMB', 2, 20);
insert into Student values (9292265, 'Faye Simpson', 'ITMB', 3, 21);
insert into Student values (9292145, 'Tony Smith', 'ITMB', 3, 20);
insert into Student values (9295697, 'Thomasina Jones', 'ITMB', 3, 21);
insert into Student values (9298889, 'Josiah Roughton', 'ITMB', 3, 21);
insert into Student values (9299889, 'Anne-Marrie Jones', 'ITMB', 3, 21);


create table Enrolled (
	studentId NUMBER(7),
	subjectId CHAR(8),
	PRIMARY KEY (studentId,subjectId),
	FOREIGN KEY (studentId) REFERENCES Student(studentId),
	FOREIGN KEY (subjectId) REFERENCES Subject(subjectId)
);

insert into Enrolled values (2111111, 'COMP3231');
insert into Enrolled values (2111111, 'COMP3311');
insert into Enrolled values (2111111, 'COMP3411');
insert into Enrolled values (2111222, 'COMP3311');
insert into Enrolled values (2111222, 'COMP3231');
insert into Enrolled values (2113567, 'COMP2031');
insert into Enrolled values (2113567, 'COMP3411');
insert into Enrolled values (2114213, 'COMP3231');
insert into Enrolled values (2114213, 'COMP3411');
insert into Enrolled values (2154321, 'COMP3231');
insert into Enrolled values (2154321, 'COMP3311');
insert into Enrolled values (2154321, 'COMP3411');
insert into Enrolled values (2166612, 'COMP3231');
insert into Enrolled values (2166612, 'COMP3311');
insert into Enrolled values (2171234, 'COMP3231');
insert into Enrolled values (2171234, 'COMP3311');
insert into Enrolled values (2175777, 'COMP3311');
insert into Enrolled values (2187654, 'COMP3231');
insert into Enrolled values (2191929, 'COMP9315');
insert into Enrolled values (2211111, 'COMP9315');
insert into Enrolled values (2211222, 'COMP2031');
insert into Enrolled values (2211222, 'COMP2021');
insert into Enrolled values (2213567, 'COMP2011');
insert into Enrolled values (2213567, 'COMP2021');
insert into Enrolled values (2214213, 'COMP9311');
insert into Enrolled values (2254321, 'COMP1011');
insert into Enrolled values (2266612, 'COMP1011');
insert into Enrolled values (2266612, 'COMP1021');
insert into Enrolled values (2271234, 'COMP1021');
insert into Enrolled values (2271234, 'COMP2011');
insert into Enrolled values (2275777, 'COMP1001');
insert into Enrolled values (2287654, 'COMP9311');
insert into Enrolled values (2291929, 'COMP9311');
insert into Enrolled values (3292265, 'COMP1011');
insert into Enrolled values (3292145, 'COMP1011');
insert into Enrolled values (3295697, 'COMP1011');
insert into Enrolled values (4298889, 'COMP1011');
insert into Enrolled values (4299889, 'COMP1011');
insert into Enrolled values (4295555, 'COMP1011');
insert into Enrolled values (4292233, 'COMP1011');
insert into Enrolled values (4297777, 'COMP1011');
insert into Enrolled values (4299988, 'COMP1011');
insert into Enrolled values (4297766, 'COMP1011');
insert into Enrolled values (3292265, 'COMP2031');
insert into Enrolled values (3292145, 'COMP2031');
insert into Enrolled values (3295697, 'COMP2031');
insert into Enrolled values (4298889, 'COMP2031');
insert into Enrolled values (4299889, 'COMP2031');
insert into Enrolled values (4295555, 'COMP2031');
insert into Enrolled values (4292233, 'COMP2031');
insert into Enrolled values (4297777, 'COMP2031');
insert into Enrolled values (4299988, 'COMP2031');
insert into Enrolled values (4297766, 'COMP2031');
insert into Enrolled values (3292265, 'COMP0422');
insert into Enrolled values (3292145, 'COMP0422');
insert into Enrolled values (3295697, 'COMP0422');
insert into Enrolled values (4298889, 'COMP0422');
insert into Enrolled values (4299889, 'COMP0422');
insert into Enrolled values (4295555, 'COMP0422');
insert into Enrolled values (4292233, 'COMP0422');
insert into Enrolled values (4297777, 'COMP0422');
insert into Enrolled values (4299988, 'COMP0422');
insert into Enrolled values (4297766, 'COMP0422');
insert into Enrolled values (3292265, 'COMP3362');
insert into Enrolled values (3292145, 'COMP3362');
insert into Enrolled values (3295697, 'COMP3362');
insert into Enrolled values (4298889, 'COMP3362');
insert into Enrolled values (4299889, 'COMP3362');
insert into Enrolled values (4295555, 'COMP3362');
insert into Enrolled values (4292233, 'COMP3362');
insert into Enrolled values (4297777, 'COMP3362');
insert into Enrolled values (4299988, 'COMP3362');
insert into Enrolled values (4297766, 'COMP3362');
insert into Enrolled values (4292265, 'COMP3231');
insert into Enrolled values (4292145, 'COMP3231');
insert into Enrolled values (4295697, 'COMP3231');
insert into Enrolled values (4298889, 'COMP3231');
insert into Enrolled values (3295555, 'COMP3231');
insert into Enrolled values (3292233, 'COMP3231');
insert into Enrolled values (3297777, 'COMP3231');
insert into Enrolled values (3299988, 'COMP3231');
insert into Enrolled values (3297766, 'COMP3231');
insert into Enrolled values (4292265, 'COMP8756');
insert into Enrolled values (4292145, 'COMP8756');
insert into Enrolled values (4295697, 'COMP8756');
insert into Enrolled values (4298889, 'COMP8756');
insert into Enrolled values (3295555, 'COMP8756');
insert into Enrolled values (3292233, 'COMP8756');
insert into Enrolled values (3297777, 'COMP8756');
insert into Enrolled values (3299988, 'COMP8756');
insert into Enrolled values (3297766, 'COMP8756');
insert into Enrolled values (4292265, 'COMP9315');
insert into Enrolled values (4292145, 'COMP9315');
insert into Enrolled values (4295697, 'COMP9315');
insert into Enrolled values (4298889, 'COMP9315');
insert into Enrolled values (3295555, 'COMP9315');
insert into Enrolled values (3292233, 'COMP9315');
insert into Enrolled values (3297777, 'COMP9315');
insert into Enrolled values (3299988, 'COMP9315');
insert into Enrolled values (3297766, 'COMP9315');
insert into Enrolled values (4292265, 'COMP1021');
insert into Enrolled values (4292145, 'COMP1021');
insert into Enrolled values (4295697, 'COMP1021');
insert into Enrolled values (4298889, 'COMP1021');
insert into Enrolled values (3295555, 'COMP1021');
insert into Enrolled values (3292233, 'COMP1021');
insert into Enrolled values (3297777, 'COMP1021');
insert into Enrolled values (3299988, 'COMP1021');
insert into Enrolled values (3297766, 'COMP1021');
insert into Enrolled values (3992145, 'COMP3231');
insert into Enrolled values (3995697, 'COMP3231');
insert into Enrolled values (3998889, 'COMP3231');
insert into Enrolled values (3999889, 'COMP3231');
insert into Enrolled values (3995555, 'COMP3231');
insert into Enrolled values (3992233, 'COMP3231');
insert into Enrolled values (3997777, 'COMP3231');
insert into Enrolled values (3999988, 'COMP3231');
insert into Enrolled values (3997766, 'COMP3231');
insert into Enrolled values (3995555, 'COMP8756');
insert into Enrolled values (3992233, 'COMP8756');
insert into Enrolled values (3997777, 'COMP8756');
insert into Enrolled values (3999988, 'COMP8756');
insert into Enrolled values (3997766, 'COMP8756');
insert into Enrolled values (3992145, 'COMP9315');
insert into Enrolled values (3995697, 'COMP9315');
insert into Enrolled values (3998889, 'COMP9315');
insert into Enrolled values (3999889, 'COMP9315');
insert into Enrolled values (3995555, 'COMP9315');
insert into Enrolled values (3992233, 'COMP9315');
insert into Enrolled values (3997777, 'COMP9315');
insert into Enrolled values (3999988, 'COMP9315');
insert into Enrolled values (3997766, 'COMP9315');
insert into Enrolled values (3992145, 'COMP1021');
insert into Enrolled values (3995697, 'COMP1021');
insert into Enrolled values (3998889, 'COMP1021');
insert into Enrolled values (3999889, 'COMP1021');
insert into Enrolled values (3995555, 'COMP1021');
insert into Enrolled values (3992233, 'COMP1021');
insert into Enrolled values (3997777, 'COMP1021');
insert into Enrolled values (3999988, 'COMP1021');
insert into Enrolled values (3997766, 'COMP1021');
insert into Enrolled values (3292265, 'COMP4249');
insert into Enrolled values (3292145, 'COMP4249');
insert into Enrolled values (3295697, 'COMP4249');
insert into Enrolled values (3298889, 'COMP4249');
insert into Enrolled values (3299889, 'COMP4249');
insert into Enrolled values (3992265, 'COMP4249');
insert into Enrolled values (3992145, 'COMP4249');
insert into Enrolled values (3995697, 'COMP4249');
insert into Enrolled values (3998889, 'COMP4249');
insert into Enrolled values (3999889, 'COMP4249');
insert into Enrolled values (3992265, 'COMP8756');
insert into Enrolled values (3992145, 'COMP8756');
insert into Enrolled values (3995697, 'COMP8756');
insert into Enrolled values (3998889, 'COMP8756');
insert into Enrolled values (3999889, 'COMP8756');
insert into Enrolled values (3292265, 'COMP2021');
insert into Enrolled values (3292145, 'COMP2021');
insert into Enrolled values (3295697, 'COMP2021');
insert into Enrolled values (3298889, 'COMP2021');
insert into Enrolled values (3299889, 'COMP2021');
insert into Enrolled values (3992265, 'COMP2021');
insert into Enrolled values (3992145, 'COMP2021');
insert into Enrolled values (3995697, 'COMP2021');
insert into Enrolled values (3998889, 'COMP2021');
insert into Enrolled values (3999889, 'COMP2021');
insert into Enrolled values (2292265, 'COMP1001');
insert into Enrolled values (2292145, 'COMP1001');
insert into Enrolled values (2295697, 'COMP1001');
insert into Enrolled values (2298889, 'COMP1001');
insert into Enrolled values (2299889, 'COMP1001');
insert into Enrolled values (2295555, 'COMP1001');
insert into Enrolled values (2292233, 'COMP1001');
insert into Enrolled values (2297777, 'COMP1001');
insert into Enrolled values (2299988, 'COMP1001');
insert into Enrolled values (2297766, 'COMP1001');
insert into Enrolled values (2292265, 'COMP0023');
insert into Enrolled values (2292145, 'COMP0023');
insert into Enrolled values (2295697, 'COMP0023');
insert into Enrolled values (2298889, 'COMP0023');
insert into Enrolled values (2299889, 'COMP0023');
insert into Enrolled values (2295555, 'COMP0023');
insert into Enrolled values (2292233, 'COMP0023');
insert into Enrolled values (2297777, 'COMP0023');
insert into Enrolled values (2299988, 'COMP0023');
insert into Enrolled values (2297766, 'COMP0023');
insert into Enrolled values (2292265, 'COMP9315');
insert into Enrolled values (2292145, 'COMP9315');
insert into Enrolled values (2295697, 'COMP9315');
insert into Enrolled values (2298889, 'COMP9315');
insert into Enrolled values (2299889, 'COMP9315');
insert into Enrolled values (2295555, 'COMP9315');
insert into Enrolled values (2292233, 'COMP9315');
insert into Enrolled values (2297777, 'COMP9315');
insert into Enrolled values (2299988, 'COMP9315');
insert into Enrolled values (2297766, 'COMP9315');
insert into Enrolled values (2292265, 'COMP3362');
insert into Enrolled values (2292145, 'COMP3362');
insert into Enrolled values (2295697, 'COMP3362');
insert into Enrolled values (2298889, 'COMP3362');
insert into Enrolled values (2299889, 'COMP3362');
insert into Enrolled values (2295555, 'COMP3362');
insert into Enrolled values (2292233, 'COMP3362');
insert into Enrolled values (2297777, 'COMP3362');
insert into Enrolled values (2299988, 'COMP3362');
insert into Enrolled values (2297766, 'COMP3362');
insert into Enrolled values (8292265, 'COMP1021');
insert into Enrolled values (8292145, 'COMP1021');
insert into Enrolled values (8295697, 'COMP1021');
insert into Enrolled values (8298889, 'COMP1021');
insert into Enrolled values (8299889, 'COMP1021');
insert into Enrolled values (8295555, 'COMP1021');
insert into Enrolled values (8292233, 'COMP1021');
insert into Enrolled values (8297777, 'COMP1021');
insert into Enrolled values (8299988, 'COMP1021');
insert into Enrolled values (8297766, 'COMP1021');
insert into Enrolled values (8292265, 'COMP9398');
insert into Enrolled values (8292145, 'COMP9398');
insert into Enrolled values (8295697, 'COMP9398');
insert into Enrolled values (8298889, 'COMP9398');
insert into Enrolled values (8299889, 'COMP9398');
insert into Enrolled values (8295555, 'COMP9398');
insert into Enrolled values (8292233, 'COMP9398');
insert into Enrolled values (8297777, 'COMP9398');
insert into Enrolled values (8299988, 'COMP9398');
insert into Enrolled values (8297766, 'COMP9398');
insert into Enrolled values (8292265, 'COMP2021');
insert into Enrolled values (8292145, 'COMP2021');
insert into Enrolled values (8295697, 'COMP2021');
insert into Enrolled values (8298889, 'COMP2021');
insert into Enrolled values (8299889, 'COMP2021');
insert into Enrolled values (8295555, 'COMP2021');
insert into Enrolled values (8292233, 'COMP2021');
insert into Enrolled values (8297777, 'COMP2021');
insert into Enrolled values (8299988, 'COMP2021');
insert into Enrolled values (8297766, 'COMP2021');
insert into Enrolled values (9292265, 'COMP0055');
insert into Enrolled values (9292145, 'COMP0055');
insert into Enrolled values (9295697, 'COMP0055');
insert into Enrolled values (9298889, 'COMP0055');
insert into Enrolled values (9299889, 'COMP0055');



create table Marks (
	studentId NUMBER(7),
	subjectId CHAR(8),
	period	 CHAR(4),
	mark     NUMBER(3),
	PRIMARY KEY (studentId,subjectId,period),
	FOREIGN KEY (subjectId) REFERENCES subject (subjectId)
);

insert into Marks values (2111111, 'COMP1011', '06S1', 70);
insert into Marks values (2111111, 'COMP1021', '08S2', 75);
insert into Marks values (2111111, 'COMP2011', '07S1', 65);
insert into Marks values (2111111, 'COMP2021', '07S1', 40);
insert into Marks values (2111111, 'COMP2021', '07S2', 50);
insert into Marks values (2111111, 'COMP2031', '07S2', 65);
insert into Marks values (2111222, 'COMP1011', '06S1', 93);
insert into Marks values (2111222, 'COMP1021', '08S2', 90);
insert into Marks values (2111222, 'COMP2011', '07S1', 87);
insert into Marks values (2111222, 'COMP2021', '07S1', 90);
insert into Marks values (2111222, 'COMP2031', '07S2', 83);
insert into Marks values (2113567, 'COMP1011', '06S1', 31);
insert into Marks values (2113567, 'COMP1011', '08S2', 51);
insert into Marks values (2113567, 'COMP1021', '07S1', 50);
insert into Marks values (2113567, 'COMP2011', '07S2', 50);
insert into Marks values (2113567, 'COMP2021', '07S2', 51);
insert into Marks values (2114213, 'COMP1011', '06S1', 74);
insert into Marks values (2114213, 'COMP1021', '08S2', 79);
insert into Marks values (2114213, 'COMP2011', '07S1', 75);
insert into Marks values (2114213, 'COMP2021', '07S1', 80);
insert into Marks values (2114213, 'COMP2031', '07S2', 75);
insert into Marks values (2154321, 'COMP1011', '06S1', 64);
insert into Marks values (2154321, 'COMP1021', '08S2', 89);
insert into Marks values (2154321, 'COMP2011', '07S1', 95);
insert into Marks values (2154321, 'COMP2021', '07S1', 90);
insert into Marks values (2154321, 'COMP2031', '07S2', 75);
insert into Marks values (2166612, 'COMP1011', '06S1', 95);
insert into Marks values (2166612, 'COMP1021', '08S2', 89);
insert into Marks values (2166612, 'COMP2011', '07S1', 73);
insert into Marks values (2166612, 'COMP2021', '07S1', 60);
insert into Marks values (2166612, 'COMP2031', '07S2', 55);
insert into Marks values (2171234, 'COMP1011', '06S1', 70);
insert into Marks values (2171234, 'COMP1021', '08S2', 75);
insert into Marks values (2171234, 'COMP2011', '07S1', 65);
insert into Marks values (2171234, 'COMP2021', '07S1', 40);
insert into Marks values (2171234, 'COMP2021', '07S2', 50);
insert into Marks values (2171234, 'COMP2031', '07S2', 65);
insert into Marks values (2175777, 'COMP1011', '06S1', 60);
insert into Marks values (2175777, 'COMP1021', '08S2', 55);
insert into Marks values (2175777, 'COMP2011', '07S1', 45);
insert into Marks values (2175777, 'COMP2021', '07S1', 40);
insert into Marks values (2175777, 'COMP2011', '07S2', 55);
insert into Marks values (2175777, 'COMP2021', '07S2', 50);
insert into Marks values (2175777, 'COMP2031', '07S2', 55);
insert into Marks values (2187654, 'COMP1011', '06S1', 75);
insert into Marks values (2187654, 'COMP1021', '08S2', 88);
insert into Marks values (2187654, 'COMP2011', '07S1', 84);
insert into Marks values (2187654, 'COMP2021', '07S1', 80);
insert into Marks values (2187654, 'COMP2031', '07S2', 75);
insert into Marks values (2191929, 'COMP9311', '07S2', 65);
insert into Marks values (2211111, 'COMP9311', '07S2', 90);
insert into Marks values (2211222, 'COMP1011', '07S1', 99);
insert into Marks values (2211222, 'COMP1021', '07S2', 98);
insert into Marks values (2213567, 'COMP1011', '07S1', 90);
insert into Marks values (2213567, 'COMP1021', '07S2', 95);
insert into Marks values (2271234, 'COMP1011', '07S1', 27);
insert into Marks values (2271234, 'COMP1011', '07S2', 51);
insert into Marks values (2271234, 'COMP1021', '07S2', 40);
insert into Marks values (2291929, 'COMP9311', '07S1', 40);
insert into Marks values (3292265, 'COMP1011', '09S1', 50);
insert into Marks values (3292145, 'COMP1011', '09S1', 44);
insert into Marks values (3295697, 'COMP1011', '09S1', 60);
insert into Marks values (4298889, 'COMP1011', '09S1', 56);
insert into Marks values (4299889, 'COMP1011', '09S1', 70);
insert into Marks values (4295555, 'COMP1011', '09S1', 60);
insert into Marks values (4292233, 'COMP1011', '09S1', 60);
insert into Marks values (4297777, 'COMP1011', '09S1', 70);
insert into Marks values (4299988, 'COMP1011', '09S1', 55);
insert into Marks values (4297766, 'COMP1011', '09S1', 59);
insert into Marks values (3292265, 'COMP2031', '09S1', 56);
insert into Marks values (3292145, 'COMP2031', '09S1', 50);
insert into Marks values (3295697, 'COMP2031', '09S1', 52);
insert into Marks values (4298889, 'COMP2031', '09S1', 72);
insert into Marks values (4299889, 'COMP2031', '09S1', 81);
insert into Marks values (4295555, 'COMP2031', '09S1', 40);
insert into Marks values (4292233, 'COMP2031', '09S1', 62);
insert into Marks values (4297777, 'COMP2031', '09S1', 62);
insert into Marks values (4299988, 'COMP2031', '09S1',57);
insert into Marks values (4297766, 'COMP2031', '09S1',70);
insert into Marks values (3292265, 'COMP0422', '09S1',60);
insert into Marks values (3292145, 'COMP0422', '09S1',56);
insert into Marks values (3295697, 'COMP0422', '09S1',55);
insert into Marks values (4298889, 'COMP0422', '09S1',54);
insert into Marks values (4299889, 'COMP0422', '09S1',55);
insert into Marks values (4295555, 'COMP0422', '09S1',48);
insert into Marks values (4292233, 'COMP0422', '09S1',46);
insert into Marks values (4297777, 'COMP0422', '09S1',61);
insert into Marks values (4299988, 'COMP0422', '09S1',64);
insert into Marks values (4297766, 'COMP0422', '09S1',55);
insert into Marks values (3292265, 'COMP3362', '09S1',38);
insert into Marks values (3292145, 'COMP3362', '09S1',40);
insert into Marks values (3295697, 'COMP3362', '09S1',53);
insert into Marks values (4298889, 'COMP3362', '09S1',65);
insert into Marks values (4299889, 'COMP3362', '09S1',22);
insert into Marks values (4295555, 'COMP3362', '09S1',20);
insert into Marks values (4292233, 'COMP3362', '09S1',42);
insert into Marks values (4297777, 'COMP3362', '09S1',74);
insert into Marks values (4299988, 'COMP3362', '09S1',88);
insert into Marks values (4297766, 'COMP3362', '09S1',68);
insert into Marks values (4292265, 'COMP3231', '09S1',55);
insert into Marks values (4292145, 'COMP3231', '09S1',52);
insert into Marks values (4295697, 'COMP3231', '09S1',53);
insert into Marks values (4298889, 'COMP3231', '09S1',62);
insert into Marks values (3295555, 'COMP3231', '09S1',56);
insert into Marks values (3292233, 'COMP3231', '09S1',88);
insert into Marks values (3297777, 'COMP3231', '09S1',47);
insert into Marks values (3299988, 'COMP3231', '09S1',65);
insert into Marks values (3297766, 'COMP3231', '09S1',56);
insert into Marks values (4292265, 'COMP8756', '09S1',56);
insert into Marks values (4292145, 'COMP8756', '09S1',56);
insert into Marks values (4295697, 'COMP8756', '09S1',62);
insert into Marks values (4298889, 'COMP8756', '09S1',44);
insert into Marks values (3295555, 'COMP8756', '09S1',32);
insert into Marks values (3292233, 'COMP8756', '09S1',30);
insert into Marks values (3297777, 'COMP8756', '09S1',40);
insert into Marks values (3299988, 'COMP8756', '09S1',50);
insert into Marks values (3297766, 'COMP8756', '09S1',55);
insert into Marks values (4292265, 'COMP9315', '09S1',32);
insert into Marks values (4292145, 'COMP9315', '09S1',40);
insert into Marks values (4295697, 'COMP9315', '09S1',33);
insert into Marks values (4298889, 'COMP9315', '09S1',53);
insert into Marks values (3295555, 'COMP9315', '09S1',45);
insert into Marks values (3292233, 'COMP9315', '09S1',80);
insert into Marks values (3297777, 'COMP9315', '09S1',44);
insert into Marks values (3299988, 'COMP9315', '09S1',56);
insert into Marks values (3297766, 'COMP9315', '09S1',55);
insert into Marks values (4292265, 'COMP1021', '09S1',46);
insert into Marks values (4292145, 'COMP1021', '09S1',66);
insert into Marks values (4295697, 'COMP1021', '09S1',70);
insert into Marks values (4298889, 'COMP1021', '09S1',45);
insert into Marks values (3295555, 'COMP1021', '09S1',55);
insert into Marks values (3292233, 'COMP1021', '09S1',43);
insert into Marks values (3297777, 'COMP1021', '09S1',54);
insert into Marks values (3299988, 'COMP1021', '09S1',63);
insert into Marks values (3297766, 'COMP1021', '09S1',65);
insert into Marks values (3992145, 'COMP3231', '09S1',66);
insert into Marks values (3995697, 'COMP3231', '09S1',76);
insert into Marks values (3998889, 'COMP3231', '09S1',67);
insert into Marks values (3999889, 'COMP3231', '09S1',56);
insert into Marks values (3995555, 'COMP3231', '09S1',55);
insert into Marks values (3992233, 'COMP3231', '09S1',65);
insert into Marks values (3997777, 'COMP3231', '09S1',75);
insert into Marks values (3999988, 'COMP3231', '09S1',48);
insert into Marks values (3997766, 'COMP3231', '09S1',64);
insert into Marks values (3992145, 'COMP8756', '09S1',55);
insert into Marks values (3995697, 'COMP8756', '09S1',56);
insert into Marks values (3998889, 'COMP8756', '09S1',50);
insert into Marks values (3999889, 'COMP8756', '09S1',40);
insert into Marks values (3995555, 'COMP8756', '09S1',46);
insert into Marks values (3992233, 'COMP8756', '09S1',62);
insert into Marks values (3997777, 'COMP8756', '09S1',43);
insert into Marks values (3999988, 'COMP8756', '09S1',48);
insert into Marks values (3997766, 'COMP8756', '09S1',70);
insert into Marks values (3992145, 'COMP9315', '09S1',44);
insert into Marks values (3995697, 'COMP9315', '09S1',50);
insert into Marks values (3998889, 'COMP9315', '09S1',55);
insert into Marks values (3999889, 'COMP9315', '09S1',64);
insert into Marks values (3995555, 'COMP9315', '09S1',60);
insert into Marks values (3992233, 'COMP9315', '09S1',44);
insert into Marks values (3997777, 'COMP9315', '09S1',53);
insert into Marks values (3999988, 'COMP9315', '09S1',23);
insert into Marks values (3997766, 'COMP9315', '09S1',55);
insert into Marks values (3992145, 'COMP1021', '09S1',65);
insert into Marks values (3995697, 'COMP1021', '09S1',64);
insert into Marks values (3998889, 'COMP1021', '09S1',46);
insert into Marks values (3999889, 'COMP1021', '09S1',63);
insert into Marks values (3995555, 'COMP1021', '09S1',30);
insert into Marks values (3992233, 'COMP1021', '09S1',51);
insert into Marks values (3997777, 'COMP1021', '09S1',36);
insert into Marks values (3999988, 'COMP1021', '09S1',40);
insert into Marks values (3997766, 'COMP1021', '09S1',49);
insert into Marks values (3292265, 'COMP4249', '09S1',48);
insert into Marks values (3292145, 'COMP4249', '09S1',57);
insert into Marks values (3295697, 'COMP4249', '09S1',56);
insert into Marks values (3298889, 'COMP4249', '09S1',49);
insert into Marks values (3299889, 'COMP4249', '09S1',55);
insert into Marks values (3992265, 'COMP4249', '09S1',51);
insert into Marks values (3992145, 'COMP4249', '09S1',57);
insert into Marks values (3995697, 'COMP4249', '09S1',80);
insert into Marks values (3998889, 'COMP4249', '09S1',85);
insert into Marks values (3999889, 'COMP4249', '09S1',46);
insert into Marks values (3992265, 'COMP8756', '09S1',70);
insert into Marks values (3292265, 'COMP2021', '09S1',58);
insert into Marks values (3292145, 'COMP2021', '09S1',54);
insert into Marks values (3295697, 'COMP2021', '09S1',39);
insert into Marks values (3298889, 'COMP2021', '09S1',49);
insert into Marks values (3299889, 'COMP2021', '09S1',74);
insert into Marks values (3992265, 'COMP2021', '09S1',29);
insert into Marks values (3992145, 'COMP2021', '09S1',54);
insert into Marks values (3995697, 'COMP2021', '09S1',35);
insert into Marks values (3998889, 'COMP2021', '09S1',50);
insert into Marks values (3999889, 'COMP2021', '09S1',58);
insert into Marks values (2292265, 'COMP1001', '09S1',55);
insert into Marks values (2292145, 'COMP1001', '09S1',64);
insert into Marks values (2295697, 'COMP1001', '09S1',70);
insert into Marks values (2298889, 'COMP1001', '09S1',20);
insert into Marks values (2299889, 'COMP1001', '09S1',76);
insert into Marks values (2295555, 'COMP1001', '09S1',50);
insert into Marks values (2292233, 'COMP1001', '09S1',22);
insert into Marks values (2297777, 'COMP1001', '09S1',34);
insert into Marks values (2299988, 'COMP1001', '09S1',33);
insert into Marks values (2297766, 'COMP1001', '09S1',0);
insert into Marks values (2292265, 'COMP0023', '09S1',85);
insert into Marks values (2292145, 'COMP0023', '09S1',48);
insert into Marks values (2295697, 'COMP0023', '09S1',60);
insert into Marks values (2298889, 'COMP0023', '09S1',40);
insert into Marks values (2299889, 'COMP0023', '09S1',55);
insert into Marks values (2295555, 'COMP0023', '09S1',74);
insert into Marks values (2292233, 'COMP0023', '09S1',72);
insert into Marks values (2297777, 'COMP0023', '09S1',90);
insert into Marks values (2299988, 'COMP0023', '09S1',48);
insert into Marks values (2297766, 'COMP0023', '09S1',44);
insert into Marks values (2292265, 'COMP9315', '09S1',40);
insert into Marks values (2292145, 'COMP9315', '09S1',75);
insert into Marks values (2295697, 'COMP9315', '09S1',60);
insert into Marks values (2298889, 'COMP9315', '09S1',59);
insert into Marks values (2299889, 'COMP9315', '09S1',55);
insert into Marks values (2295555, 'COMP9315', '09S1',48);
insert into Marks values (2292233, 'COMP9315', '09S1',55);
insert into Marks values (2297777, 'COMP9315', '09S1',30);
insert into Marks values (2299988, 'COMP9315', '09S1',45);
insert into Marks values (2297766, 'COMP9315', '09S1',70);
insert into Marks values (2292265, 'COMP3362', '09S1',50);
insert into Marks values (2292145, 'COMP3362', '09S1',50);
insert into Marks values (2295697, 'COMP3362', '09S1',78);
insert into Marks values (2298889, 'COMP3362', '09S1',49);
insert into Marks values (2299889, 'COMP3362', '09S1',44);
insert into Marks values (2295555, 'COMP3362', '09S1',50);
insert into Marks values (2292233, 'COMP3362', '09S1',60);
insert into Marks values (2297777, 'COMP3362', '09S1',78);
insert into Marks values (2299988, 'COMP3362', '09S1',80);
insert into Marks values (2297766, 'COMP3362', '09S1',56);
insert into Marks values (8292265, 'COMP1021', '09S1',51);
insert into Marks values (8292145, 'COMP1021', '09S1',68);
insert into Marks values (8295697, 'COMP1021', '09S1',50);
insert into Marks values (8298889, 'COMP1021', '09S1',53);
insert into Marks values (8299889, 'COMP1021', '09S1',43);
insert into Marks values (8295555, 'COMP1021', '09S1',40);
insert into Marks values (8292233, 'COMP1021', '09S1',51);
insert into Marks values (8297777, 'COMP1021', '09S1',60);
insert into Marks values (8299988, 'COMP1021', '09S1',60);
insert into Marks values (8297766, 'COMP1021', '09S1',40);
insert into Marks values (8292265, 'COMP9398', '09S1',40);
insert into Marks values (8292145, 'COMP9398', '09S1',64);
insert into Marks values (8295697, 'COMP9398', '09S1',40);
insert into Marks values (8298889, 'COMP9398', '09S1',54);
insert into Marks values (8299889, 'COMP9398', '09S1',60);
insert into Marks values (8295555, 'COMP9398', '09S1',50);
insert into Marks values (8292233, 'COMP9398', '09S1',65);
insert into Marks values (8297777, 'COMP9398', '09S1',55);
insert into Marks values (8299988, 'COMP9398', '09S1',44);
insert into Marks values (8297766, 'COMP9398', '09S1',40);
insert into Marks values (8292265, 'COMP2021', '09S1',58);
insert into Marks values (8292145, 'COMP2021', '09S1',56);
insert into Marks values (8295697, 'COMP2021', '09S1',56);
insert into Marks values (8298889, 'COMP2021', '09S1',50);
insert into Marks values (8299889, 'COMP2021', '09S1',66);
insert into Marks values (8295555, 'COMP2021', '09S1',29);
insert into Marks values (8292233, 'COMP2021', '09S1',70);
insert into Marks values (8297777, 'COMP2021', '09S1',80);
insert into Marks values (8299988, 'COMP2021', '09S1',66);
insert into Marks values (8297766, 'COMP2021', '09S1',40);
insert into Marks values (9292265, 'COMP0055', '09S1',65);
insert into Marks values (9292145, 'COMP0055', '09S1',68);
insert into Marks values (9295697, 'COMP0055', '09S1',80);
insert into Marks values (9298889, 'COMP0055', '09S1',55);
insert into Marks values (9299889, 'COMP0055', '09S1',38);




